{
    "wind-dir": [
        222.903,
        227.86061,
        202.2608,
        169.39801,
        136.80304,
        110.35458,
        132.65671,
        152.84302,
        162.44029,
        167.77579,
        175.23404,
        172.52882,
        174.93546,
        184.7537,
        195.178,
        189.33157,
        239.44048,
        216.93564,
        224.45734,
        221.05482,
        211.79451,
        200.37372,
        206.71313,
        204.83276
    ],
    "rain-precipitation-rate": [
        0.0,
        0.0,
        0.0,
        0.0,
        0.001953125,
        0.056640625,
        1.1425781,
        2.7695312,
        2.9765625,
        3.0078125,
        3.3164062,
        3.3242188,
        3.9335938,
        3.9335938,
        3.9335938,
        4.203125,
        4.2304688,
        4.2773438,
        4.3046875,
        4.3046875,
        4.390625,
        4.546875,
        4.65625,
        4.6953125
    ],
    "temperature-2m": [
        285.73724,
        285.8499,
        285.82996,
        286.40863,
        286.60287,
        286.9853,
        286.51108,
        287.51697,
        288.08423,
        288.78412,
        289.67633,
        290.26434,
        290.2986,
        291.64557,
        293.20456,
        292.91785,
        291.47495,
        289.85526,
        289.66125,
        288.91934,
        287.6082,
        286.93552,
        286.15936,
        285.99106
    ],
    "wind-speed": [
        4.0555487,
        3.2099364,
        2.5753462,
        2.3084204,
        1.9044204,
        3.2305539,
        3.9512913,
        3.15734,
        4.9487906,
        6.5282426,
        6.2618623,
        6.424176,
        5.160784,
        4.282141,
        5.319574,
        6.281412,
        7.965066,
        4.980775,
        8.792475,
        7.193135,
        8.77138,
        9.406122,
        10.808818,
        10.074955
    ]
}